,utdate,quarter,start,stop,kpfcc,dark
0,2021-02-02,1,05:03,07:49,False,True
1,2021-02-02,2,07:49,10:35,False,False
2,2021-02-02,3,10:35,13:21,False,False
3,2021-02-02,4,13:21,16:07,False,False
4,2021-02-03,1,05:04,07:49,False,True
5,2021-02-03,2,07:49,10:35,False,False
6,2021-02-03,3,10:35,13:21,False,False
7,2021-02-03,4,13:21,16:07,True,False
8,2021-02-04,1,05:04,07:50,True,True
9,2021-02-04,2,07:50,10:35,True,False
10,2021-02-04,3,10:35,13:21,False,False
11,2021-02-04,4,13:21,16:06,False,False
12,2021-02-05,1,05:05,07:50,False,True
13,2021-02-05,2,07:50,10:35,False,True
14,2021-02-05,3,10:35,13:21,True,False
15,2021-02-05,4,13:21,16:06,True,False
16,2021-02-06,1,05:05,07:50,False,True
17,2021-02-06,2,07:50,10:35,False,True
18,2021-02-06,3,10:35,13:21,False,False
19,2021-02-06,4,13:21,16:06,True,False
20,2021-02-07,1,05:06,07:51,False,True
21,2021-02-07,2,07:51,10:35,False,True
22,2021-02-07,3,10:35,13:20,False,True
23,2021-02-07,4,13:20,16:05,False,False
24,2021-02-08,1,05:06,07:51,False,True
25,2021-02-08,2,07:51,10:35,False,True
26,2021-02-08,3,10:35,13:20,False,True
27,2021-02-08,4,13:20,16:05,True,False
28,2021-02-09,1,05:06,07:51,False,True
29,2021-02-09,2,07:51,10:36,False,True
30,2021-02-09,3,10:36,13:20,False,True
31,2021-02-09,4,13:20,16:05,True,False
32,2021-02-10,1,05:07,07:51,False,True
33,2021-02-10,2,07:51,10:36,False,True
34,2021-02-10,3,10:36,13:20,False,True
35,2021-02-10,4,13:20,16:04,False,True
36,2021-02-11,1,05:07,07:51,False,True
37,2021-02-11,2,07:51,10:36,False,True
38,2021-02-11,3,10:36,13:20,False,True
39,2021-02-11,4,13:20,16:04,False,True
40,2021-02-12,1,05:08,07:52,False,True
41,2021-02-12,2,07:52,10:36,False,True
42,2021-02-12,3,10:36,13:19,False,True
43,2021-02-12,4,13:19,16:03,False,True
44,2021-02-13,1,05:08,07:52,True,False
45,2021-02-13,2,07:52,10:35,False,True
46,2021-02-13,3,10:35,13:19,False,True
47,2021-02-13,4,13:19,16:03,False,True
48,2021-02-14,1,05:09,07:52,False,False
49,2021-02-14,2,07:52,10:35,False,True
50,2021-02-14,3,10:35,13:19,False,True
51,2021-02-14,4,13:19,16:02,False,True
52,2021-02-15,1,05:09,07:52,True,False
53,2021-02-15,2,07:52,10:35,False,True
54,2021-02-15,3,10:35,13:19,False,True
55,2021-02-15,4,13:19,16:02,False,True
56,2021-02-16,1,05:09,07:52,True,False
57,2021-02-16,2,07:52,10:35,False,False
58,2021-02-16,3,10:35,13:18,False,True
59,2021-02-16,4,13:18,16:01,False,True
60,2021-02-17,1,05:10,07:53,True,False
61,2021-02-17,2,07:53,10:35,True,False
62,2021-02-17,3,10:35,13:18,False,True
63,2021-02-17,4,13:18,16:01,False,True
64,2021-02-18,1,05:10,07:53,True,False
65,2021-02-18,2,07:53,10:35,True,False
66,2021-02-18,3,10:35,13:18,False,True
67,2021-02-18,4,13:18,16:00,False,True
68,2021-02-19,1,05:11,07:53,True,False
69,2021-02-19,2,07:53,10:35,False,False
70,2021-02-19,3,10:35,13:17,False,True
71,2021-02-19,4,13:17,16:00,False,True
72,2021-02-20,1,05:11,07:53,True,False
73,2021-02-20,2,07:53,10:35,True,False
74,2021-02-20,3,10:35,13:17,False,False
75,2021-02-20,4,13:17,15:59,False,True
76,2021-02-21,1,05:11,07:53,False,False
77,2021-02-21,2,07:53,10:35,False,False
78,2021-02-21,3,10:35,13:17,True,False
79,2021-02-21,4,13:17,15:58,True,True
80,2021-02-22,1,05:12,07:53,False,False
81,2021-02-22,2,07:53,10:35,False,False
82,2021-02-22,3,10:35,13:16,True,False
83,2021-02-22,4,13:16,15:58,True,True
84,2021-02-23,1,05:12,07:53,True,False
85,2021-02-23,2,07:53,10:35,False,False
86,2021-02-23,3,10:35,13:16,False,False
87,2021-02-23,4,13:16,15:57,False,False
88,2021-02-24,1,05:12,07:53,False,False
89,2021-02-24,2,07:53,10:34,False,False
90,2021-02-24,3,10:34,13:15,True,False
91,2021-02-24,4,13:15,15:56,True,False
92,2021-02-25,1,05:13,07:54,False,False
93,2021-02-25,2,07:54,10:34,False,False
94,2021-02-25,3,10:34,13:15,False,False
95,2021-02-25,4,13:15,15:56,True,False
96,2021-02-26,1,05:13,07:54,True,False
97,2021-02-26,2,07:54,10:34,False,False
98,2021-02-26,3,10:34,13:15,False,False
99,2021-02-26,4,13:15,15:55,False,False
100,2021-02-27,1,05:13,07:54,False,False
101,2021-02-27,2,07:54,10:34,False,False
102,2021-02-27,3,10:34,13:14,True,False
103,2021-02-27,4,13:14,15:54,True,False
104,2021-02-28,1,05:14,07:54,False,False
105,2021-02-28,2,07:54,10:34,False,False
106,2021-02-28,3,10:34,13:14,False,False
107,2021-02-28,4,13:14,15:54,True,False
108,2021-03-01,1,05:14,07:54,False,False
109,2021-03-01,2,07:54,10:34,False,False
110,2021-03-01,3,10:34,13:13,False,False
111,2021-03-01,4,13:13,15:53,True,False
112,2021-03-02,1,05:14,07:54,False,False
113,2021-03-02,2,07:54,10:33,False,False
114,2021-03-02,3,10:33,13:13,True,False
115,2021-03-02,4,13:13,15:52,True,False
116,2021-03-03,1,05:15,07:54,False,True
117,2021-03-03,2,07:54,10:33,False,False
118,2021-03-03,3,10:33,13:12,False,False
119,2021-03-03,4,13:12,15:52,False,False
120,2021-03-04,1,05:15,07:54,True,True
121,2021-03-04,2,07:54,10:33,True,False
122,2021-03-04,3,10:33,13:12,False,False
123,2021-03-04,4,13:12,15:51,False,False
124,2021-03-05,1,05:15,07:54,False,True
125,2021-03-05,2,07:54,10:33,False,False
126,2021-03-05,3,10:33,13:11,False,False
127,2021-03-05,4,13:11,15:50,True,False
128,2021-03-06,1,05:16,07:54,False,True
129,2021-03-06,2,07:54,10:33,False,True
130,2021-03-06,3,10:33,13:11,False,False
131,2021-03-06,4,13:11,15:49,True,False
132,2021-03-07,1,05:16,07:54,False,True
133,2021-03-07,2,07:54,10:32,False,True
134,2021-03-07,3,10:32,13:10,False,False
135,2021-03-07,4,13:10,15:48,True,False
136,2021-03-08,1,05:16,07:54,False,True
137,2021-03-08,2,07:54,10:32,False,True
138,2021-03-08,3,10:32,13:10,False,True
139,2021-03-08,4,13:10,15:48,True,False
140,2021-03-09,1,05:17,07:54,False,True
141,2021-03-09,2,07:54,10:32,False,True
142,2021-03-09,3,10:32,13:09,True,True
143,2021-03-09,4,13:09,15:47,True,False
144,2021-03-10,1,05:17,07:54,False,True
145,2021-03-10,2,07:54,10:32,False,True
146,2021-03-10,3,10:32,13:09,False,True
147,2021-03-10,4,13:09,15:46,True,False
148,2021-03-11,1,05:17,07:54,False,True
149,2021-03-11,2,07:54,10:31,False,True
150,2021-03-11,3,10:31,13:08,False,True
151,2021-03-11,4,13:08,15:45,False,True
152,2021-03-12,1,05:18,07:54,False,True
153,2021-03-12,2,07:54,10:31,False,True
154,2021-03-12,3,10:31,13:08,False,True
155,2021-03-12,4,13:08,15:44,False,True
156,2021-03-13,1,05:18,07:54,False,True
157,2021-03-13,2,07:54,10:31,False,True
158,2021-03-13,3,10:31,13:07,False,True
159,2021-03-13,4,13:07,15:44,False,True
160,2021-03-14,1,05:18,07:54,False,True
161,2021-03-14,2,07:54,10:30,False,True
162,2021-03-14,3,10:30,13:07,False,True
163,2021-03-14,4,13:07,15:43,False,True
164,2021-03-15,1,05:18,07:54,True,False
165,2021-03-15,2,07:54,10:30,True,True
166,2021-03-15,3,10:30,13:06,False,True
167,2021-03-15,4,13:06,15:42,False,True
168,2021-03-16,1,05:19,07:54,True,False
169,2021-03-16,2,07:54,10:30,False,True
170,2021-03-16,3,10:30,13:05,False,True
171,2021-03-16,4,13:05,15:41,False,True
172,2021-03-17,1,05:19,07:54,True,False
173,2021-03-17,2,07:54,10:30,False,True
174,2021-03-17,3,10:30,13:05,False,True
175,2021-03-17,4,13:05,15:40,False,True
176,2021-03-18,1,05:19,07:54,False,False
177,2021-03-18,2,07:54,10:29,False,False
178,2021-03-18,3,10:29,13:04,False,True
179,2021-03-18,4,13:04,15:39,False,True
180,2021-03-19,1,05:20,07:54,False,False
181,2021-03-19,2,07:54,10:29,False,False
182,2021-03-19,3,10:29,13:04,False,True
183,2021-03-19,4,13:04,15:38,False,True
184,2021-03-20,1,05:20,07:54,True,False
185,2021-03-20,2,07:54,10:29,False,False
186,2021-03-20,3,10:29,13:03,False,True
187,2021-03-20,4,13:03,15:38,False,True
188,2021-03-21,1,05:20,07:54,True,False
189,2021-03-21,2,07:54,10:28,True,False
190,2021-03-21,3,10:28,13:03,False,False
191,2021-03-21,4,13:03,15:37,False,True
192,2021-03-22,1,05:20,07:54,False,False
193,2021-03-22,2,07:54,10:28,False,False
194,2021-03-22,3,10:28,13:02,True,False
195,2021-03-22,4,13:02,15:36,True,True
196,2021-03-23,1,05:21,07:54,True,False
197,2021-03-23,2,07:54,10:28,False,False
198,2021-03-23,3,10:28,13:01,False,False
199,2021-03-23,4,13:01,15:35,False,True
200,2021-03-24,1,05:21,07:54,True,False
201,2021-03-24,2,07:54,10:28,True,False
202,2021-03-24,3,10:28,13:01,False,False
203,2021-03-24,4,13:01,15:34,False,False
204,2021-03-25,1,05:21,07:54,True,False
205,2021-03-25,2,07:54,10:27,False,False
206,2021-03-25,3,10:27,13:00,False,False
207,2021-03-25,4,13:00,15:33,False,False
208,2021-03-26,1,05:22,07:54,False,False
209,2021-03-26,2,07:54,10:27,False,False
210,2021-03-26,3,10:27,13:00,False,False
211,2021-03-26,4,13:00,15:32,True,False
212,2021-03-27,1,05:22,07:54,True,False
213,2021-03-27,2,07:54,10:27,False,False
214,2021-03-27,3,10:27,12:59,False,False
215,2021-03-27,4,12:59,15:31,False,False
216,2021-03-28,1,05:22,07:54,True,False
217,2021-03-28,2,07:54,10:26,False,False
218,2021-03-28,3,10:26,12:58,False,False
219,2021-03-28,4,12:58,15:30,False,False
220,2021-03-29,1,05:23,07:54,False,False
221,2021-03-29,2,07:54,10:26,False,False
222,2021-03-29,3,10:26,12:58,False,False
223,2021-03-29,4,12:58,15:30,True,False
224,2021-03-30,1,05:23,07:54,False,False
225,2021-03-30,2,07:54,10:26,False,False
226,2021-03-30,3,10:26,12:57,False,False
227,2021-03-30,4,12:57,15:29,True,False
228,2021-03-31,1,05:23,07:54,True,False
229,2021-03-31,2,07:54,10:25,False,False
230,2021-03-31,3,10:25,12:57,False,False
231,2021-03-31,4,12:57,15:28,False,False
232,2021-04-01,1,05:23,07:54,False,True
233,2021-04-01,2,07:54,10:25,False,False
234,2021-04-01,3,10:25,12:56,False,False
235,2021-04-01,4,12:56,15:27,True,False
236,2021-04-02,1,05:24,07:54,False,True
237,2021-04-02,2,07:54,10:25,False,False
238,2021-04-02,3,10:25,12:55,False,False
239,2021-04-02,4,12:55,15:26,False,False
240,2021-04-03,1,05:24,07:54,False,True
241,2021-04-03,2,07:54,10:25,False,False
242,2021-04-03,3,10:25,12:55,False,False
243,2021-04-03,4,12:55,15:25,True,False
244,2021-04-04,1,05:24,07:54,False,True
245,2021-04-04,2,07:54,10:24,False,True
246,2021-04-04,3,10:24,12:54,False,False
247,2021-04-04,4,12:54,15:24,False,False
248,2021-04-05,1,05:25,07:54,False,True
249,2021-04-05,2,07:54,10:24,False,True
250,2021-04-05,3,10:24,12:54,False,False
251,2021-04-05,4,12:54,15:23,True,False
252,2021-04-06,1,05:25,07:54,False,True
253,2021-04-06,2,07:54,10:24,False,True
254,2021-04-06,3,10:24,12:53,False,True
255,2021-04-06,4,12:53,15:22,False,False
256,2021-04-07,1,05:25,07:54,False,True
257,2021-04-07,2,07:54,10:23,False,True
258,2021-04-07,3,10:23,12:52,False,True
259,2021-04-07,4,12:52,15:21,True,False
260,2021-04-08,1,05:26,07:54,False,True
261,2021-04-08,2,07:54,10:23,False,True
262,2021-04-08,3,10:23,12:52,False,True
263,2021-04-08,4,12:52,15:21,True,False
264,2021-04-09,1,05:26,07:54,False,True
265,2021-04-09,2,07:54,10:23,False,True
266,2021-04-09,3,10:23,12:51,False,True
267,2021-04-09,4,12:51,15:20,True,False
268,2021-04-10,1,05:26,07:54,False,True
269,2021-04-10,2,07:54,10:23,False,True
270,2021-04-10,3,10:23,12:51,False,True
271,2021-04-10,4,12:51,15:19,False,True
272,2021-04-11,1,05:27,07:55,False,True
273,2021-04-11,2,07:55,10:22,False,True
274,2021-04-11,3,10:22,12:50,False,True
275,2021-04-11,4,12:50,15:18,False,True
276,2021-04-12,1,05:27,07:55,False,True
277,2021-04-12,2,07:55,10:22,False,True
278,2021-04-12,3,10:22,12:50,False,True
279,2021-04-12,4,12:50,15:17,False,True
280,2021-04-13,1,05:27,07:55,False,True
281,2021-04-13,2,07:55,10:22,False,True
282,2021-04-13,3,10:22,12:49,False,True
283,2021-04-13,4,12:49,15:16,False,True
284,2021-04-14,1,05:28,07:55,False,False
285,2021-04-14,2,07:55,10:22,False,True
286,2021-04-14,3,10:22,12:48,False,True
287,2021-04-14,4,12:48,15:15,False,True
288,2021-04-15,1,05:28,07:55,True,False
289,2021-04-15,2,07:55,10:21,True,True
290,2021-04-15,3,10:21,12:48,False,True
291,2021-04-15,4,12:48,15:14,False,True
292,2021-04-16,1,05:29,07:55,False,False
293,2021-04-16,2,07:55,10:21,False,False
294,2021-04-16,3,10:21,12:47,False,True
295,2021-04-16,4,12:47,15:14,False,True
296,2021-04-17,1,05:29,07:55,False,False
297,2021-04-17,2,07:55,10:21,False,False
298,2021-04-17,3,10:21,12:47,False,True
299,2021-04-17,4,12:47,15:13,False,True
300,2021-04-18,1,05:29,07:55,True,False
301,2021-04-18,2,07:55,10:21,False,False
302,2021-04-18,3,10:21,12:46,False,True
303,2021-04-18,4,12:46,15:12,False,True
304,2021-04-19,1,05:30,07:55,True,False
305,2021-04-19,2,07:55,10:20,False,False
306,2021-04-19,3,10:20,12:46,False,False
307,2021-04-19,4,12:46,15:11,False,True
308,2021-04-20,1,05:30,07:55,True,False
309,2021-04-20,2,07:55,10:20,False,False
310,2021-04-20,3,10:20,12:45,False,False
311,2021-04-20,4,12:45,15:10,False,True
312,2021-04-21,1,05:30,07:55,True,False
313,2021-04-21,2,07:55,10:20,False,False
314,2021-04-21,3,10:20,12:45,False,False
315,2021-04-21,4,12:45,15:09,False,True
316,2021-04-22,1,05:31,07:55,False,False
317,2021-04-22,2,07:55,10:20,False,False
318,2021-04-22,3,10:20,12:44,True,False
319,2021-04-22,4,12:44,15:09,True,False
320,2021-04-23,1,05:31,07:55,True,False
321,2021-04-23,2,07:55,10:20,False,False
322,2021-04-23,3,10:20,12:44,False,False
323,2021-04-23,4,12:44,15:08,False,False
324,2021-04-24,1,05:32,07:56,True,False
325,2021-04-24,2,07:56,10:19,False,False
326,2021-04-24,3,10:19,12:43,False,False
327,2021-04-24,4,12:43,15:07,False,False
328,2021-04-25,1,05:32,07:56,True,False
329,2021-04-25,2,07:56,10:19,False,False
330,2021-04-25,3,10:19,12:43,False,False
331,2021-04-25,4,12:43,15:06,False,False
332,2021-04-26,1,05:33,07:56,True,False
333,2021-04-26,2,07:56,10:19,False,False
334,2021-04-26,3,10:19,12:42,False,False
335,2021-04-26,4,12:42,15:06,False,False
336,2021-04-27,1,05:33,07:56,True,False
337,2021-04-27,2,07:56,10:19,False,False
338,2021-04-27,3,10:19,12:42,False,False
339,2021-04-27,4,12:42,15:05,False,False
340,2021-04-28,1,05:33,07:56,True,False
341,2021-04-28,2,07:56,10:19,False,False
342,2021-04-28,3,10:19,12:41,False,False
343,2021-04-28,4,12:41,15:04,False,False
344,2021-04-29,1,05:34,07:56,False,False
345,2021-04-29,2,07:56,10:19,False,False
346,2021-04-29,3,10:19,12:41,True,False
347,2021-04-29,4,12:41,15:03,True,False
348,2021-04-30,1,05:34,07:56,False,True
349,2021-04-30,2,07:56,10:19,False,False
350,2021-04-30,3,10:19,12:41,False,False
351,2021-04-30,4,12:41,15:03,True,False
352,2021-05-01,1,05:35,07:57,True,True
353,2021-05-01,2,07:57,10:18,True,False
354,2021-05-01,3,10:18,12:40,False,False
355,2021-05-01,4,12:40,15:02,False,False
356,2021-05-02,1,05:35,07:57,False,True
357,2021-05-02,2,07:57,10:18,False,False
358,2021-05-02,3,10:18,12:40,True,False
359,2021-05-02,4,12:40,15:01,True,False
360,2021-05-03,1,05:36,07:57,False,True
361,2021-05-03,2,07:57,10:18,False,True
362,2021-05-03,3,10:18,12:39,False,False
363,2021-05-03,4,12:39,15:01,True,False
364,2021-05-04,1,05:36,07:57,False,True
365,2021-05-04,2,07:57,10:18,False,True
366,2021-05-04,3,10:18,12:39,False,False
367,2021-05-04,4,12:39,15:00,True,False
368,2021-05-05,1,05:37,07:57,False,True
369,2021-05-05,2,07:57,10:18,False,True
370,2021-05-05,3,10:18,12:39,False,False
371,2021-05-05,4,12:39,14:59,True,False
372,2021-05-06,1,05:37,07:57,False,True
373,2021-05-06,2,07:57,10:18,False,True
374,2021-05-06,3,10:18,12:38,False,True
375,2021-05-06,4,12:38,14:59,True,False
376,2021-05-07,1,05:38,07:58,False,True
377,2021-05-07,2,07:58,10:18,False,True
378,2021-05-07,3,10:18,12:38,False,True
379,2021-05-07,4,12:38,14:58,True,False
380,2021-05-08,1,05:38,07:58,False,True
381,2021-05-08,2,07:58,10:18,False,True
382,2021-05-08,3,10:18,12:38,True,True
383,2021-05-08,4,12:38,14:58,True,False
384,2021-05-09,1,05:39,07:58,False,True
385,2021-05-09,2,07:58,10:18,False,True
386,2021-05-09,3,10:18,12:37,False,True
387,2021-05-09,4,12:37,14:57,True,False
388,2021-05-10,1,05:39,07:58,False,True
389,2021-05-10,2,07:58,10:18,False,True
390,2021-05-10,3,10:18,12:37,False,True
391,2021-05-10,4,12:37,14:56,False,True
392,2021-05-11,1,05:40,07:59,False,True
393,2021-05-11,2,07:59,10:18,False,True
394,2021-05-11,3,10:18,12:37,False,True
395,2021-05-11,4,12:37,14:56,False,True
396,2021-05-12,1,05:40,07:59,False,True
397,2021-05-12,2,07:59,10:18,False,True
398,2021-05-12,3,10:18,12:37,False,True
399,2021-05-12,4,12:37,14:55,False,True
400,2021-05-13,1,05:41,07:59,False,False
401,2021-05-13,2,07:59,10:18,False,True
402,2021-05-13,3,10:18,12:36,False,True
403,2021-05-13,4,12:36,14:55,False,True
404,2021-05-14,1,05:41,07:59,False,False
405,2021-05-14,2,07:59,10:18,False,True
406,2021-05-14,3,10:18,12:36,False,True
407,2021-05-14,4,12:36,14:54,False,True
408,2021-05-15,1,05:42,08:00,False,False
409,2021-05-15,2,08:00,10:18,False,True
410,2021-05-15,3,10:18,12:36,False,True
411,2021-05-15,4,12:36,14:54,False,True
412,2021-05-16,1,05:42,08:00,True,False
413,2021-05-16,2,08:00,10:18,True,False
414,2021-05-16,3,10:18,12:36,False,True
415,2021-05-16,4,12:36,14:53,False,True
416,2021-05-17,1,05:43,08:00,False,False
417,2021-05-17,2,08:00,10:18,False,False
418,2021-05-17,3,10:18,12:35,False,True
419,2021-05-17,4,12:35,14:53,False,True
420,2021-05-18,1,05:43,08:00,True,False
421,2021-05-18,2,08:00,10:18,False,False
422,2021-05-18,3,10:18,12:35,False,True
423,2021-05-18,4,12:35,14:53,False,True
424,2021-05-19,1,05:44,08:01,True,False
425,2021-05-19,2,08:01,10:18,False,False
426,2021-05-19,3,10:18,12:35,False,False
427,2021-05-19,4,12:35,14:52,False,True
428,2021-05-20,1,05:44,08:01,True,False
429,2021-05-20,2,08:01,10:18,False,False
430,2021-05-20,3,10:18,12:35,False,False
431,2021-05-20,4,12:35,14:52,False,True
432,2021-05-21,1,05:45,08:01,True,False
433,2021-05-21,2,08:01,10:18,True,False
434,2021-05-21,3,10:18,12:35,False,False
435,2021-05-21,4,12:35,14:51,False,True
436,2021-05-22,1,05:45,08:02,True,False
437,2021-05-22,2,08:02,10:18,False,False
438,2021-05-22,3,10:18,12:35,False,False
439,2021-05-22,4,12:35,14:51,False,False
440,2021-05-23,1,05:45,08:02,False,False
441,2021-05-23,2,08:02,10:18,False,False
442,2021-05-23,3,10:18,12:34,False,False
443,2021-05-23,4,12:34,14:51,True,False
444,2021-05-24,1,05:46,08:02,True,False
445,2021-05-24,2,08:02,10:18,False,False
446,2021-05-24,3,10:18,12:34,False,False
447,2021-05-24,4,12:34,14:50,False,False
448,2021-05-25,1,05:46,08:02,False,False
449,2021-05-25,2,08:02,10:18,False,False
450,2021-05-25,3,10:18,12:34,False,False
451,2021-05-25,4,12:34,14:50,True,False
452,2021-05-26,1,05:47,08:03,False,False
453,2021-05-26,2,08:03,10:18,False,False
454,2021-05-26,3,10:18,12:34,True,False
455,2021-05-26,4,12:34,14:50,True,False
456,2021-05-27,1,05:47,08:03,False,False
457,2021-05-27,2,08:03,10:19,False,False
458,2021-05-27,3,10:19,12:34,False,False
459,2021-05-27,4,12:34,14:50,False,False
460,2021-05-28,1,05:48,08:03,True,False
461,2021-05-28,2,08:03,10:19,True,False
462,2021-05-28,3,10:19,12:34,False,False
463,2021-05-28,4,12:34,14:49,False,False
464,2021-05-29,1,05:48,08:04,True,False
465,2021-05-29,2,08:04,10:19,False,False
466,2021-05-29,3,10:19,12:34,False,False
467,2021-05-29,4,12:34,14:49,False,False
468,2021-05-30,1,05:49,08:04,False,True
469,2021-05-30,2,08:04,10:19,False,False
470,2021-05-30,3,10:19,12:34,False,False
471,2021-05-30,4,12:34,14:49,True,False
472,2021-05-31,1,05:49,08:04,False,True
473,2021-05-31,2,08:04,10:19,False,False
474,2021-05-31,3,10:19,12:34,False,False
475,2021-05-31,4,12:34,14:49,True,False
476,2021-06-01,1,05:50,08:05,False,True
477,2021-06-01,2,08:05,10:19,False,True
478,2021-06-01,3,10:19,12:34,True,False
479,2021-06-01,4,12:34,14:49,True,False
480,2021-06-02,1,05:50,08:05,False,True
481,2021-06-02,2,08:05,10:19,False,True
482,2021-06-02,3,10:19,12:34,False,False
483,2021-06-02,4,12:34,14:49,False,False
484,2021-06-03,1,05:51,08:05,False,True
485,2021-06-03,2,08:05,10:20,False,True
486,2021-06-03,3,10:20,12:34,True,False
487,2021-06-03,4,12:34,14:48,True,False
488,2021-06-04,1,05:51,08:05,False,True
489,2021-06-04,2,08:05,10:20,False,True
490,2021-06-04,3,10:20,12:34,True,False
491,2021-06-04,4,12:34,14:48,True,False
492,2021-06-05,1,05:52,08:06,False,True
493,2021-06-05,2,08:06,10:20,False,True
494,2021-06-05,3,10:20,12:34,False,True
495,2021-06-05,4,12:34,14:48,True,False
496,2021-06-06,1,05:52,08:06,False,True
497,2021-06-06,2,08:06,10:20,False,True
498,2021-06-06,3,10:20,12:34,False,True
499,2021-06-06,4,12:34,14:48,True,False
500,2021-06-07,1,05:52,08:06,False,True
501,2021-06-07,2,08:06,10:20,False,True
502,2021-06-07,3,10:20,12:34,False,True
503,2021-06-07,4,12:34,14:48,True,False
504,2021-06-08,1,05:53,08:07,False,True
505,2021-06-08,2,08:07,10:20,False,True
506,2021-06-08,3,10:20,12:34,False,True
507,2021-06-08,4,12:34,14:48,True,False
508,2021-06-09,1,05:53,08:07,False,True
509,2021-06-09,2,08:07,10:21,False,True
510,2021-06-09,3,10:21,12:34,False,True
511,2021-06-09,4,12:34,14:48,False,True
512,2021-06-10,1,05:54,08:07,False,True
513,2021-06-10,2,08:07,10:21,False,True
514,2021-06-10,3,10:21,12:35,False,True
515,2021-06-10,4,12:35,14:48,False,True
516,2021-06-11,1,05:54,08:07,False,True
517,2021-06-11,2,08:07,10:21,False,True
518,2021-06-11,3,10:21,12:35,False,True
519,2021-06-11,4,12:35,14:48,False,True
520,2021-06-12,1,05:54,08:08,True,False
521,2021-06-12,2,08:08,10:21,False,True
522,2021-06-12,3,10:21,12:35,False,True
523,2021-06-12,4,12:35,14:48,False,True
524,2021-06-13,1,05:55,08:08,True,False
525,2021-06-13,2,08:08,10:22,False,True
526,2021-06-13,3,10:22,12:35,False,True
527,2021-06-13,4,12:35,14:48,False,True
528,2021-06-14,1,05:55,08:08,True,False
529,2021-06-14,2,08:08,10:22,False,True
530,2021-06-14,3,10:22,12:35,False,True
531,2021-06-14,4,12:35,14:49,False,True
532,2021-06-15,1,05:55,08:09,True,False
533,2021-06-15,2,08:09,10:22,True,False
534,2021-06-15,3,10:22,12:35,False,True
535,2021-06-15,4,12:35,14:49,False,True
536,2021-06-16,1,05:56,08:09,True,False
537,2021-06-16,2,08:09,10:22,False,False
538,2021-06-16,3,10:22,12:35,False,True
539,2021-06-16,4,12:35,14:49,False,True
540,2021-06-17,1,05:56,08:09,True,False
541,2021-06-17,2,08:09,10:22,False,False
542,2021-06-17,3,10:22,12:36,False,True
543,2021-06-17,4,12:36,14:49,False,True
544,2021-06-18,1,05:56,08:09,True,False
545,2021-06-18,2,08:09,10:23,False,False
546,2021-06-18,3,10:23,12:36,False,False
547,2021-06-18,4,12:36,14:49,False,True
548,2021-06-19,1,05:56,08:10,True,False
549,2021-06-19,2,08:10,10:23,True,False
550,2021-06-19,3,10:23,12:36,False,False
551,2021-06-19,4,12:36,14:49,False,True
552,2021-06-20,1,05:57,08:10,True,False
553,2021-06-20,2,08:10,10:23,True,False
554,2021-06-20,3,10:23,12:36,False,False
555,2021-06-20,4,12:36,14:49,False,True
556,2021-06-21,1,05:57,08:10,True,False
557,2021-06-21,2,08:10,10:23,True,False
558,2021-06-21,3,10:23,12:36,False,False
559,2021-06-21,4,12:36,14:50,False,False
560,2021-06-22,1,05:57,08:10,True,False
561,2021-06-22,2,08:10,10:23,False,False
562,2021-06-22,3,10:23,12:37,False,False
563,2021-06-22,4,12:37,14:50,False,False
564,2021-06-23,1,05:57,08:10,True,False
565,2021-06-23,2,08:10,10:24,False,False
566,2021-06-23,3,10:24,12:37,False,False
567,2021-06-23,4,12:37,14:50,False,False
568,2021-06-24,1,05:57,08:11,False,False
569,2021-06-24,2,08:11,10:24,False,False
570,2021-06-24,3,10:24,12:37,True,False
571,2021-06-24,4,12:37,14:50,True,False
572,2021-06-25,1,05:58,08:11,False,False
573,2021-06-25,2,08:11,10:24,False,False
574,2021-06-25,3,10:24,12:37,True,False
575,2021-06-25,4,12:37,14:51,True,False
576,2021-06-26,1,05:58,08:11,False,False
577,2021-06-26,2,08:11,10:24,False,False
578,2021-06-26,3,10:24,12:38,True,False
579,2021-06-26,4,12:38,14:51,True,False
580,2021-06-27,1,05:58,08:11,True,False
581,2021-06-27,2,08:11,10:25,False,False
582,2021-06-27,3,10:25,12:38,False,False
583,2021-06-27,4,12:38,14:51,False,False
584,2021-06-28,1,05:58,08:11,True,True
585,2021-06-28,2,08:11,10:25,True,False
586,2021-06-28,3,10:25,12:38,False,False
587,2021-06-28,4,12:38,14:52,False,False
588,2021-06-29,1,05:58,08:11,False,True
589,2021-06-29,2,08:11,10:25,False,False
590,2021-06-29,3,10:25,12:38,False,False
591,2021-06-29,4,12:38,14:52,False,False
592,2021-06-30,1,05:58,08:12,True,True
593,2021-06-30,2,08:12,10:25,True,False
594,2021-06-30,3,10:25,12:39,False,False
595,2021-06-30,4,12:39,14:52,False,False
596,2021-07-01,1,05:58,08:12,False,True
597,2021-07-01,2,08:12,10:25,False,False
598,2021-07-01,3,10:25,12:39,False,False
599,2021-07-01,4,12:39,14:53,True,False
600,2021-07-02,1,05:58,08:12,False,True
601,2021-07-02,2,08:12,10:26,False,True
602,2021-07-02,3,10:26,12:39,False,False
603,2021-07-02,4,12:39,14:53,True,False
604,2021-07-03,1,05:58,08:12,False,True
605,2021-07-03,2,08:12,10:26,False,True
606,2021-07-03,3,10:26,12:40,False,False
607,2021-07-03,4,12:40,14:53,False,False
608,2021-07-04,1,05:58,08:12,False,True
609,2021-07-04,2,08:12,10:26,False,True
610,2021-07-04,3,10:26,12:40,False,False
611,2021-07-04,4,12:40,14:54,True,False
612,2021-07-05,1,05:58,08:12,False,True
613,2021-07-05,2,08:12,10:26,False,True
614,2021-07-05,3,10:26,12:40,False,False
615,2021-07-05,4,12:40,14:54,True,False
616,2021-07-06,1,05:58,08:12,False,True
617,2021-07-06,2,08:12,10:26,False,True
618,2021-07-06,3,10:26,12:40,False,True
619,2021-07-06,4,12:40,14:55,True,False
620,2021-07-07,1,05:58,08:12,False,True
621,2021-07-07,2,08:12,10:26,False,True
622,2021-07-07,3,10:26,12:41,False,True
623,2021-07-07,4,12:41,14:55,True,False
624,2021-07-08,1,05:58,08:12,False,True
625,2021-07-08,2,08:12,10:27,False,True
626,2021-07-08,3,10:27,12:41,False,True
627,2021-07-08,4,12:41,14:55,False,False
628,2021-07-09,1,05:58,08:12,False,True
629,2021-07-09,2,08:12,10:27,False,True
630,2021-07-09,3,10:27,12:41,False,True
631,2021-07-09,4,12:41,14:56,False,True
632,2021-07-10,1,05:58,08:12,False,True
633,2021-07-10,2,08:12,10:27,False,True
634,2021-07-10,3,10:27,12:42,False,True
635,2021-07-10,4,12:42,14:56,False,True
636,2021-07-11,1,05:57,08:12,False,False
637,2021-07-11,2,08:12,10:27,False,True
638,2021-07-11,3,10:27,12:42,False,True
639,2021-07-11,4,12:42,14:57,False,True
640,2021-07-12,1,05:57,08:12,True,False
641,2021-07-12,2,08:12,10:27,False,True
642,2021-07-12,3,10:27,12:42,False,True
643,2021-07-12,4,12:42,14:57,False,True
644,2021-07-13,1,05:57,08:12,False,False
645,2021-07-13,2,08:12,10:27,False,True
646,2021-07-13,3,10:27,12:42,False,True
647,2021-07-13,4,12:42,14:58,False,True
648,2021-07-14,1,05:57,08:12,False,False
649,2021-07-14,2,08:12,10:27,False,True
650,2021-07-14,3,10:27,12:43,False,True
651,2021-07-14,4,12:43,14:58,False,True
652,2021-07-15,1,05:57,08:12,True,False
653,2021-07-15,2,08:12,10:27,False,False
654,2021-07-15,3,10:27,12:43,False,True
655,2021-07-15,4,12:43,14:58,False,True
656,2021-07-16,1,05:56,08:12,False,False
657,2021-07-16,2,08:12,10:28,False,False
658,2021-07-16,3,10:28,12:43,False,True
659,2021-07-16,4,12:43,14:59,False,True
660,2021-07-17,1,05:56,08:12,False,False
661,2021-07-17,2,08:12,10:28,False,False
662,2021-07-17,3,10:28,12:43,False,True
663,2021-07-17,4,12:43,14:59,False,True
664,2021-07-18,1,05:56,08:12,True,False
665,2021-07-18,2,08:12,10:28,False,False
666,2021-07-18,3,10:28,12:44,False,False
667,2021-07-18,4,12:44,15:00,False,True
668,2021-07-19,1,05:55,08:12,True,False
669,2021-07-19,2,08:12,10:28,True,False
670,2021-07-19,3,10:28,12:44,False,False
671,2021-07-19,4,12:44,15:00,False,True
672,2021-07-20,1,05:55,08:11,False,False
673,2021-07-20,2,08:11,10:28,False,False
674,2021-07-20,3,10:28,12:44,False,False
675,2021-07-20,4,12:44,15:01,False,True
676,2021-07-21,1,05:55,08:11,False,False
677,2021-07-21,2,08:11,10:28,False,False
678,2021-07-21,3,10:28,12:45,False,False
679,2021-07-21,4,12:45,15:01,False,False
680,2021-07-22,1,05:54,08:11,False,False
681,2021-07-22,2,08:11,10:28,False,False
682,2021-07-22,3,10:28,12:45,True,False
683,2021-07-22,4,12:45,15:02,True,False
684,2021-07-23,1,05:54,08:11,True,False
685,2021-07-23,2,08:11,10:28,True,False
686,2021-07-23,3,10:28,12:45,False,False
687,2021-07-23,4,12:45,15:02,False,False
688,2021-07-24,1,05:54,08:11,True,False
689,2021-07-24,2,08:11,10:28,False,False
690,2021-07-24,3,10:28,12:45,False,False
691,2021-07-24,4,12:45,15:03,False,False
692,2021-07-25,1,05:53,08:11,True,False
693,2021-07-25,2,08:11,10:28,False,False
694,2021-07-25,3,10:28,12:46,False,False
695,2021-07-25,4,12:46,15:03,False,False
696,2021-07-26,1,05:53,08:10,True,False
697,2021-07-26,2,08:10,10:28,False,False
698,2021-07-26,3,10:28,12:46,False,False
699,2021-07-26,4,12:46,15:03,False,False
700,2021-07-27,1,05:52,08:10,False,False
701,2021-07-27,2,08:10,10:28,False,False
702,2021-07-27,3,10:28,12:46,True,False
703,2021-07-27,4,12:46,15:04,True,False
704,2021-07-28,1,05:52,08:10,False,True
705,2021-07-28,2,08:10,10:28,False,False
706,2021-07-28,3,10:28,12:46,False,False
707,2021-07-28,4,12:46,15:04,True,False
708,2021-07-29,1,05:51,08:10,False,True
709,2021-07-29,2,08:10,10:28,False,False
710,2021-07-29,3,10:28,12:46,False,False
711,2021-07-29,4,12:46,15:05,True,False
712,2021-07-30,1,05:51,08:09,False,True
713,2021-07-30,2,08:09,10:28,False,False
714,2021-07-30,3,10:28,12:47,False,False
715,2021-07-30,4,12:47,15:05,True,False
716,2021-07-31,1,05:50,08:09,True,True
717,2021-07-31,2,08:09,10:28,True,False
718,2021-07-31,3,10:28,12:47,False,False
719,2021-07-31,4,12:47,15:06,False,False
720,2021-08-01,1,05:49,08:09,False,True
721,2021-08-01,2,08:09,10:28,False,True
722,2021-08-01,3,10:28,12:47,True,False
723,2021-08-01,4,12:47,15:06,True,False
